Name,X,Y,Z,DeltaX,DeltaY,DeltaZ,Alpha,Kuant
R0,0.08604269,0.2383037,1.614224,0.05542989,-0.01941954,-0.007845759,,
R0,0.09540248,0.2380495,1.614471,0.009359792,-0.000254169,0.000247121,358.4444912,8
R0,0.1068266,0.2370759,1.612224,0.01142409,-0.000973657,-0.002246261,355.1285454,8
R0,0.1842344,0.2320992,1.610206,0.07740783,-0.00497669,-0.002018929,356.3214131,8
R0,0.195264,0.2316968,1.611135,0.01102959,-0.000402376,0.000929952,357.91069,8
R0,0.2067109,0.2316415,1.61208,0.01144691,-5.53E-05,0.000944376,359.7233645,8
R0,0.2187971,0.2316401,1.612294,0.01208623,-1.39E-06,0.000213862,359.9934305,8
R0,0.2303779,0.231442,1.611552,0.01158077,-0.000198081,-0.000741243,359.0200907,8
R0,0.2405847,0.2319763,1.612343,0.01020683,0.000534236,0.000790358,2.996188276,1
R0,0.2510291,0.2328234,1.61193,0.01044436,0.000847161,-0.000412345,4.637211777,1
R0,0.3487933,0.2307063,1.618261,0.09776422,-0.002117142,0.006330013,358.7594199,8
R0,0.3532852,0.2314008,1.618541,0.004491925,0.000694543,0.000280857,8.789490813,1
R0,0.3574122,0.2320829,1.620797,0.004126936,0.000682056,0.002255201,9.384407639,1
R0,0.364626,0.2322399,1.622187,0.007213891,0.000156969,0.001390338,1.24651603,1
R0,0.3732765,0.2348291,1.622386,0.008650452,0.002589181,0.000198841,16.66305394,1
R0,0.3786023,0.2344983,1.622949,0.005325794,-0.000330776,0.000563026,356.4460217,8
R0,0.3865457,0.2346652,1.625137,0.007943392,0.000166893,0.002188206,1.203624078,1
R0,0.3924518,0.2338362,1.624911,0.005906135,-0.000828967,-0.000225782,352.0103377,8
R0,0.4253299,0.2313226,1.625518,0.0328781,-0.002513573,0.000606775,355.6281683,8
R0,0.42924,0.2304946,1.626681,0.003910124,-0.000827983,0.001162767,348.0440224,8
R0,0.4308753,0.2291885,1.631058,0.001635283,-0.001306146,0.004377484,321.3846653,8
R0,0.4316679,0.2300609,1.631914,0.000792533,0.000872448,0.000855684,47.7479439,2
R0,0.4304945,0.230465,1.632502,-0.001173347,0.000404045,0.000587821,160.9987241,4
R0,0.4282763,0.2302683,1.63155,-0.002218246,-0.00019671,-0.000951767,185.0676342,5
R0,0.4245548,0.2305416,1.631505,-0.003721446,0.000273302,-4.49E-05,175.7997506,4
R0,0.4203357,0.230698,1.631099,-0.004219145,0.000156403,-0.000405908,177.8770325,4
R0,0.2686661,0.2442273,1.619738,-0.1516696,0.01352933,-0.01136136,174.9025565,4
R0,0.2532741,0.242343,1.617985,-0.01539195,-0.001884341,-0.001752734,186.979636,5
R0,0.241851,0.2435804,1.618375,-0.01142314,0.001237392,0.000390172,173.8176391,4
R0,0.2200029,0.2450619,1.618813,-0.02184805,0.001481548,0.000437975,176.120629,4
R0,0.2077773,0.2452736,1.619195,-0.01222566,0.000211701,0.000381589,179.0079595,5
R0,0.1883789,0.2476581,1.618759,-0.01939838,0.002384514,-0.000436187,172.9921658,4
R0,0.1333437,0.2494485,1.62287,-0.05503519,0.001790389,0.004111409,178.1367273,4
R0,0.1259731,0.2487206,1.621904,-0.007370591,-0.000727966,-0.000965953,185.6406017,5
R0,0.06520275,0.2657694,1.628082,-0.06077036,0.01704881,0.006177545,164.3288109,4
R0,0.05958233,0.2653259,1.627512,-0.00562042,-0.000443488,-0.000569701,184.5116688,5
R0,0.05432849,0.2657199,1.627619,-0.005253837,0.000393987,0.000106931,175.7114006,4
R0,0.04720443,0.2668152,1.62759,-0.007124059,0.001095295,-2.85E-05,171.2594481,4
R0,0.04018836,0.268993,1.627727,-0.007016074,0.002177894,0.000136852,162.7548779,4
R0,0.03190528,0.2705103,1.628411,-0.008283079,0.001517236,0.000683546,169.620033,4
R1,0.2238487,0.339567,1.429457,0.009471491,-0.001131415,-0.001099706,353.1880232,8
R1,0.2709398,0.3449255,1.423751,0.04709102,0.005358458,-0.005706906,6.491729003,1
R1,0.4117149,0.3342362,1.425819,0.1407751,-0.01068929,0.0020684,355.6577676,8
R1,0.4136775,0.3353277,1.425392,0.001962632,0.00109151,-0.00042665,29.08045025,1
R1,0.4860833,0.3439278,1.422499,0.07240584,0.008600146,-0.002893567,6.773683518,1
R1,0.4870734,0.3408731,1.422491,0.000990063,-0.003054768,-7.75E-06,287.9577248,7
R1,0.4881782,0.340444,1.421637,0.001104802,-0.000429064,-0.000853777,338.775682,8
R1,0.4915767,0.3398477,1.421113,0.003398508,-0.000596315,-0.000524163,350.0479794,8
R1,0.4950483,0.3371597,1.419984,0.003471553,-0.002687961,-0.001128912,322.2500261,8
R1,0.4986366,0.3368253,1.418078,0.003588319,-0.000334472,-0.00190568,354.6747788,8
R1,0.5014994,0.3343171,1.417326,0.002862781,-0.002508163,-0.000752688,318.7774863,8
R1,0.5045373,0.3333593,1.416425,0.00303793,-0.000957757,-0.000900269,342.5016889,8
R1,0.5071172,0.3313432,1.41572,0.002579927,-0.002016097,-0.000705361,321.9939724,8
R1,0.5097496,0.3310588,1.414443,0.00263238,-0.000284433,-0.001277328,353.8330138,8
R1,0.5137417,0.3303507,1.41266,0.003992081,-0.000708103,-0.001783013,349.941665,8
R1,0.5169855,0.3305285,1.412082,0.003243804,0.000177771,-0.000578046,3.136855243,1
R1,0.5138842,0.3314644,1.408924,-0.00310123,0.000935942,-0.003158092,163.2063435,4
R1,0.4634011,0.3285089,1.404936,-0.05048311,-0.002955467,-0.003987908,183.3504815,5
R1,0.4447286,0.3279733,1.406704,-0.01867259,-0.000535607,0.00176847,181.64303,5
R1,0.4286903,0.3297314,1.409216,-0.01603824,0.001758099,0.002511859,173.7442599,4
R1,0.4253214,0.332279,1.408908,-0.003368914,0.002547532,-0.000307918,142.9038696,4
R1,0.4318675,0.3405356,1.406696,0.00654614,0.008256614,-0.002211928,51.59135607,2
R1,0.4253492,0.3414094,1.408054,-0.006518304,0.000873804,0.001357794,172.3647959,4
R1,0.4170058,0.3388465,1.409347,-0.008343458,-0.002562881,0.001292825,197.0755189,5
R1,0.3526687,0.3473281,1.416894,-0.06433707,0.008481592,0.007547021,172.4899718,4
R1,0.2825466,0.3455155,1.417378,-0.07012215,-0.001812607,0.000484347,181.4807248,5
R1,0.2714236,0.3432228,1.418064,-0.01112291,-0.002292693,0.000686169,191.6468875,5
R1,0.2600395,0.341793,1.417191,-0.01138416,-0.001429766,-0.000873327,187.1584438,5
R1,0.2474034,0.3409646,1.417746,-0.01263605,-0.000828415,0.0005548,183.7509243,5
R1,0.23486,0.3380072,1.416969,-0.01254345,-0.002957374,-0.000777245,193.2663736,5
R1,0.2210417,0.3349873,1.417547,-0.01381829,-0.003019929,0.000578761,192.3279203,5
R1,0.2071274,0.3359897,1.419051,-0.01391427,0.001002371,0.001503229,175.8795836,4
R1,0.138821,0.3356443,1.422278,-0.0683064,-0.000345379,0.003227711,180.2897034,5
R1,0.08848292,0.3395989,1.424966,-0.05033808,0.003954589,0.002687573,175.508036,4
R1,0.08329524,0.3421026,1.424265,-0.005187683,0.002503693,-0.000700593,154.2369936,4
R1,0.07197832,0.3479883,1.426447,-0.01131693,0.00588572,0.002181768,152.5219164,4
R1,0.06639117,0.3470614,1.4273,-0.005587146,-0.000926882,0.0008533,189.4193226,5
R1,0.03926466,0.3743906,1.42919,-0.02712651,0.02732918,0.001889586,134.7867609,4
R1,0.03345766,0.3587994,1.436241,-0.005806997,-0.0155912,0.007051229,249.5719774,6
R1,0.01657763,0.3527258,1.441046,-0.01688003,-0.006073564,0.004805326,199.7891196,5
R2,0.3202375,0.2917342,1.418972,0.0085935,0.000390858,0.001027346,2.60418477,1
R2,0.417443,0.2870297,1.429173,0.09720552,-0.004704475,0.01020062,357.2292067,8
R2,0.432794,0.2882809,1.431338,0.01535106,0.001251191,0.002164483,4.659603316,1
R2,0.4386482,0.2877761,1.433021,0.00585413,-0.000504881,0.001682997,355.070804,8
R2,0.4456223,0.2876835,1.434292,0.006974101,-9.26E-05,0.001271009,359.2395679,8
R2,0.4547262,0.2897406,1.436706,0.009103894,0.002057135,0.002414823,12.7328407,1
R2,0.5037217,0.2770635,1.446207,0.04899555,-0.0126771,0.009500384,345.4934354,8
R2,0.496702,0.2734343,1.446025,-0.007019728,-0.003629208,-0.000181913,207.3390193,5
R2,0.4946681,0.2736934,1.444547,-0.002033859,0.000259042,-0.001477599,172.7416209,4
R2,0.4925767,0.2747287,1.44256,-0.002091378,0.001035303,-0.001986861,153.6630301,4
R2,0.4891799,0.2761834,1.44048,-0.003396869,0.001454741,-0.00208056,156.8165161,4
R2,0.4863049,0.2763121,1.43788,-0.002875,0.000128657,-0.002600074,177.4377164,4
R2,0.4841942,0.2777927,1.435172,-0.00211072,0.001480609,-0.002707481,144.9514513,4
R2,0.484626,0.274003,1.433208,0.000431806,-0.003789693,-0.001964331,276.5003705,7
R2,0.478771,0.2714545,1.432382,-0.005854934,-0.002548486,-0.000825524,203.5221203,5
R2,0.471837,0.2696411,1.431731,-0.006933987,-0.001813412,-0.00065124,194.6560373,5
R2,0.4639191,0.2688602,1.430384,-0.007917911,-0.000780881,-0.001347423,185.6324127,5
R2,0.4560149,0.2679344,1.429584,-0.007904232,-0.00092575,-0.000799537,186.6800908,5
R2,0.4482054,0.2697242,1.429282,-0.00780952,0.001789719,-0.000302553,167.0923311,4
R2,0.394288,0.2745865,1.429334,-0.05391735,0.004862368,5.21E-05,174.8468984,4
R2,0.3782852,0.2720086,1.429042,-0.01600286,-0.002577901,-0.000291824,189.1511611,5
R2,0.3671537,0.2722165,1.428667,-0.01113144,0.000207901,-0.000375032,178.9300158,4
R2,0.3531714,0.2731697,1.427793,-0.0139823,0.000953168,-0.000874043,176.1002035,4
R2,0.3412053,0.274102,1.427734,-0.01196614,0.000932306,-5.85E-05,175.5449702,4
R2,0.2544382,0.2842973,1.427097,-0.08676714,0.01019526,-0.000637293,173.2983953,4
R2,0.2404541,0.283955,1.427042,-0.01398407,-0.00034228,-5.54E-05,181.4021145,5
R2,0.2292414,0.2857674,1.426715,-0.01121274,0.001812428,-0.000326753,170.8181235,4
R2,0.2180355,0.287104,1.427452,-0.01120587,0.001336604,0.000736952,173.1980596,4
R2,0.2073805,0.2897433,1.428351,-0.01065496,0.002639294,0.000898838,166.0875459,4
R2,0.1959491,0.2922005,1.429149,-0.01143143,0.002457172,0.000798583,167.8689246,4
R2,0.1856977,0.2918126,1.429555,-0.0102514,-0.000387907,0.000405908,182.167005,5
R2,0.1745678,0.2941142,1.430908,-0.01112992,0.002301633,0.001353145,168.316106,4
R2,0.1646154,0.2953816,1.432666,-0.009952396,0.001267403,0.001757383,172.7426448,4
R2,0.1537962,0.2964767,1.433578,-0.01081917,0.001095086,0.00091207,174.2203658,4
R2,0.1431826,0.2973148,1.434665,-0.01061361,0.000838131,0.00108695,175.4848628,4
R2,0.1334209,0.2974749,1.434801,-0.009761766,0.000160098,0.000135779,179.0604033,5
R2,0.123577,0.2989907,1.436684,-0.009843849,0.001515746,0.001883984,171.2464025,4
R2,0.05335733,0.3115583,1.443467,-0.07021968,0.01256761,0.006782293,169.8528877,4
R2,0.002246029,0.3179453,1.456288,-0.0511113,0.006386995,0.01282156,172.8771001,4
R2,-0.000250007,0.3191141,1.457995,-0.002496036,0.001168847,0.001706481,154.9071856,4
R3,0.2076737,0.3110065,1.456851,0.02000044,-0.009799868,-0.000857711,333.895949,8
R3,0.2183646,0.3075216,1.455835,0.01069087,-0.003484875,-0.001016498,341.9457205,8
R3,0.2291319,0.3064357,1.454636,0.01076734,-0.001085848,-0.001198649,354.2413931,8
R3,0.3296518,0.2818016,1.454385,0.1005199,-0.02463418,-0.000251293,346.2300405,8
R3,0.3619225,0.2929658,1.452181,0.03227064,0.01116428,-0.002203703,19.08346128,1
R3,0.3839122,0.2894036,1.452723,0.02198976,-0.003562272,0.000541806,350.7982023,8
R3,0.392696,0.2879477,1.451759,0.008783728,-0.001455814,-0.000963211,350.5893515,8
R3,0.4034794,0.2876933,1.452604,0.01078343,-0.000254452,0.000844121,358.6482668,8
R3,0.4079447,0.2852772,1.453221,0.004465282,-0.002416134,0.000617504,331.5824785,8
R3,0.417038,0.2827028,1.452702,0.009093314,-0.002574354,-0.000518799,344.1929676,8
R3,0.4214868,0.2800055,1.453352,0.004448801,-0.002697319,0.00064981,328.7714636,8
R3,0.4444444,0.2823935,1.454868,0.02295759,0.002387971,0.001515627,5.938358374,1
R3,0.4791576,0.2545773,1.454045,0.03471324,-0.02781618,-0.000822663,321.29434,8
R3,0.4801498,0.2526552,1.45384,0.000992209,-0.001922101,-0.000205159,297.3032646,7
R3,0.4805647,0.2508661,1.453235,0.000414819,-0.001789033,-0.000604749,283.0543588,7
R3,0.4829217,0.2513995,1.453097,0.002357095,0.000533313,-0.000138283,12.74900231,1
R3,0.4830069,0.2678788,1.432206,8.52E-05,0.01647931,-0.02089131,89.70377662,3
R3,0.4677087,0.2617287,1.435136,-0.01529822,-0.006150037,0.002930403,201.900619,5
R3,0.4630294,0.2638631,1.43478,-0.004679263,0.002134383,-0.000356197,155.4805364,4
R3,0.4561994,0.2658896,1.434848,-0.006830066,0.002026439,6.81E-05,163.4746978,4
R3,0.4491732,0.26865,1.435392,-0.007026196,0.00276041,0.00054431,158.551425,4
R3,0.3749973,0.2987988,1.439347,-0.07417583,0.03014883,0.003955126,157.8806741,4
R3,0.3670008,0.3028991,1.43984,-0.007996589,0.004100323,0.000492334,152.8531088,4
R3,0.3577726,0.3056552,1.439077,-0.00922814,0.002756059,-0.000762582,163.3713173,4
R3,0.3476801,0.3061711,1.439378,-0.01009253,0.000515938,0.000301242,177.0735426,4
R3,0.3399474,0.3093492,1.439131,-0.00773266,0.00317812,-0.000247121,157.6573583,4
R3,0.3309786,0.3100523,1.439421,-0.00896886,0.000703067,0.000290155,175.5177623,4
R3,0.321782,0.3090375,1.438748,-0.009196579,-0.001014829,-0.000673533,186.2970285,5
R3,0.314202,0.3113222,1.438675,-0.007580042,0.002284706,-7.27E-05,163.2266296,4
R3,0.3050672,0.3103118,1.437826,-0.009134769,-0.001010418,-0.000849485,186.3119601,5
R3,0.2946917,0.3033483,1.4386,-0.01037544,-0.006963432,0.000774622,213.8673674,5
R3,0.2452446,0.3017066,1.433928,-0.04944716,-0.00164175,-0.00467217,181.9016421,5
R3,0.2366151,0.2999537,1.433068,-0.008629441,-0.001752883,-0.000860095,191.4821686,5
R3,0.2285076,0.3005853,1.432269,-0.008107513,0.00063163,-0.00079906,175.54527,4
R3,0.2198778,0.2997574,1.429553,-0.008629829,-0.000827909,-0.002716303,185.479942,5
R3,0.2118727,0.29961,1.429151,-0.008005068,-0.000147373,-0.000401855,181.054694,5
R3,0.2027562,0.3014389,1.42766,-0.00911656,0.001828879,-0.001490474,168.6564297,4
R3,0.1487664,0.2886194,1.427008,-0.0539898,-0.01281956,-0.000651836,193.3571871,5
R3,0.1280277,0.2824448,1.426729,-0.02073868,-0.006174564,-0.000279665,196.5799408,5
R3,0.1155694,0.2813051,1.428914,-0.01245832,-0.001139671,0.002185106,185.2267963,5
R4,0.1880906,0.2699325,1.448572,0.01430652,-0.004139036,-0.002093077,343.8642532,8
R4,0.2014908,0.2673855,1.447145,0.01340029,-0.002547026,-0.001426816,349.2380263,8
R4,0.2145251,0.2664219,1.445636,0.01303425,-0.000963539,-0.00150907,355.7721788,8
R4,0.2276318,0.2638426,1.445479,0.01310667,-0.002579361,-0.000156522,348.8666035,8
R4,0.2395535,0.2627718,1.444781,0.01192172,-0.001070738,-0.000697851,354.867804,8
R4,0.4078954,0.2502094,1.442043,0.1683419,-0.01256239,-0.002738476,355.7322551,8
R4,0.4224901,0.2639381,1.442009,0.0145947,0.01372865,-3.40E-05,43.24859864,1
R4,0.4309229,0.2654323,1.442127,0.008432806,0.001494229,0.000118017,10.0480817,1
R4,0.4383534,0.2683367,1.441607,0.007430524,0.002904356,-0.000520229,21.34895097,1
R4,0.4454475,0.2696436,1.4415,0.007094055,0.001306981,-0.000106335,10.43889231,1
R4,0.4532462,0.2713245,1.441684,0.007798761,0.001680881,0.000184178,12.16300067,1
R4,0.4706238,0.2469315,1.446912,0.01737756,-0.02439302,0.005227089,305.4660289,7
R4,0.4700349,0.2432269,1.449103,-0.000588894,-0.003704563,0.002191782,260.9675828,6
R4,0.4698391,0.2427845,1.447777,-0.000195801,-0.00044243,-0.001326442,246.1278107,6
R4,0.4693801,0.2434097,1.447093,-0.000458986,0.000625193,-0.000684261,126.284259,3
R4,0.4689786,0.2444302,1.446624,-0.000401557,0.001020461,-0.000468612,111.4798855,3
R4,0.4676499,0.2446467,1.445284,-0.001328647,0.000216499,-0.001340389,170.745165,4
R4,0.4675207,0.2456981,1.44399,-0.000129223,0.001051471,-0.001293421,97.00636093,3
R4,0.4666954,0.2476165,1.44207,-0.000825256,0.001918361,-0.001919866,113.2768004,3
R4,0.4737383,0.2665877,1.420521,0.007042915,0.01897125,-0.02154887,69.63298515,2
R4,0.4223295,0.2602627,1.418776,-0.05140883,-0.006325036,-0.00174582,187.0140813,5
R4,0.416143,0.2561721,1.416455,-0.006186515,-0.004090607,-0.002321124,213.4732143,5
R4,0.4089223,0.2498716,1.417021,-0.007220745,-0.006300539,0.000566125,221.1066755,5
R4,0.3948145,0.2512382,1.414921,-0.01410779,0.001366645,-0.002099752,174.4669274,4
R4,0.3857889,0.2469626,1.414635,-0.009025604,-0.004275605,-0.000285745,205.3478293,5
R4,0.3735001,0.2453166,1.413766,-0.01228875,-0.001646012,-0.000869513,187.6290532,5
R4,0.3635958,0.2464257,1.413702,-0.009904325,0.001109153,-6.33E-05,173.6102554,4
R4,0.3387142,0.2471913,1.411679,-0.0248816,0.000765592,-0.002022982,178.2375993,4
R4,0.2194981,0.263142,1.415988,-0.1192161,0.01595072,0.004308581,172.3792734,4
R4,0.2052825,0.2608137,1.419294,-0.01421553,-0.002328336,0.003305912,189.3017808,5
R4,0.1963671,0.2611519,1.418837,-0.008915395,0.000338197,-0.000456452,177.8275822,4
R4,0.1851035,0.2630875,1.41899,-0.01126364,0.001935542,0.00015223,170.2495323,4
R4,0.1698368,0.2621636,1.419904,-0.01526669,-0.000923812,0.000913978,183.4628389,5
R4,0.1575278,0.2621332,1.41907,-0.012309,-3.04E-05,-0.000833988,180.1416364,5
R4,0.1464407,0.2646089,1.417961,-0.0110871,0.002475679,-0.00110817,167.4127063,4
R4,0.1334654,0.2644039,1.419052,-0.01297528,-0.000204951,0.001090765,180.9049383,5
R4,0.06418035,0.2649338,1.42129,-0.06928507,0.000529826,0.002237916,179.5618654,5
R4,-0.002214392,0.268694,1.436656,-0.06639475,0.003760189,0.01536632,176.7585831,4
R4,-0.00768027,0.270574,1.43836,-0.005465878,0.00188002,0.001703858,161.0190516,4
R4,-0.01263093,0.2748555,1.440803,-0.00495066,0.004281551,0.00244236,139.1452917,4
R5,0.1505898,0.2830399,1.456251,0.009802178,-0.001521409,-0.002207398,351.1774436,8
R5,0.1623951,0.280656,1.455411,0.01180527,-0.002383947,-0.00083971,348.5832719,8
R5,0.1747927,0.280025,1.453399,0.01239763,-0.000630975,-0.002012491,357.0864571,8
R5,0.1858151,0.2790301,1.453378,0.01102239,-0.000994921,-2.04E-05,354.8422535,8
R5,0.1970425,0.2755609,1.451774,0.01122737,-0.003469139,-0.001604438,342.8294022,8
R5,0.254829,0.2614817,1.446754,0.05778654,-0.01407921,-0.005019784,346.3071411,8
R5,0.2610069,0.2605884,1.446732,0.006177932,-0.000893265,-2.16E-05,351.7726415,8
R5,0.3362591,0.2591509,1.445619,0.07525218,-0.001437575,-0.001113296,358.905587,8
R5,0.3459519,0.2591062,1.447015,0.009692758,-4.46E-05,0.001395702,359.7361032,8
R5,0.3641315,0.261442,1.445439,0.0181796,0.002335787,-0.001576066,7.321476525,1
R5,0.3784603,0.2597302,1.445398,0.01432884,-0.001711786,-4.09E-05,353.1874816,8
R5,0.3931097,0.2595122,1.445376,0.01464942,-0.000218034,-2.23E-05,359.1473045,8
R5,0.4436878,0.2579349,1.445421,0.05057806,-0.001577288,4.54E-05,358.2137973,8
R5,0.475369,0.264407,1.439807,0.03168127,0.006472081,-0.005613923,11.54593271,1
R5,0.4793139,0.2647018,1.439345,0.003944844,0.000294834,-0.000461936,4.27429266,1
R5,0.4879727,0.2672271,1.436781,0.008658826,0.0025253,-0.002564549,16.25904044,1
R5,0.4924418,0.2680283,1.435382,0.004469097,0.000801235,-0.001398444,10.16420529,1
R5,0.498596,0.2682396,1.435133,0.00615418,0.000211269,-0.000249624,1.966151955,1
R5,0.5015591,0.2692601,1.433861,0.002963156,0.001020491,-0.001271605,19.00336332,1
R5,0.5021939,0.2691491,1.432472,0.00063479,-0.000111014,-0.001389146,350.0802759,8
R5,0.4555645,0.2578692,1.412875,-0.0466294,-0.01127988,-0.01959693,193.5988867,5
R5,0.4492057,0.2595887,1.411749,-0.006358832,0.001719445,-0.001125455,164.8689247,4
R5,0.4399803,0.2601229,1.412985,-0.009225398,0.000534236,0.001236081,176.6857426,4
R5,0.4279768,0.2584496,1.414343,-0.01200351,-0.001673281,0.001358032,187.9358522,5
R5,0.4169577,0.2582085,1.414832,-0.01101905,-0.000241071,0.00048852,181.2532975,5
R5,0.4066211,0.2600201,1.415975,-0.01033664,0.001811534,0.001143336,170.0596533,4
R5,0.3948247,0.2603896,1.41789,-0.01179636,0.000369549,0.001914501,178.2056614,4
R5,0.3847828,0.2617195,1.417958,-0.01004192,0.001329839,6.85E-05,172.4562857,4
R5,0.3221886,0.2703748,1.421134,-0.06259421,0.00865531,0.003175497,172.1272619,4
R5,0.3166116,0.2707668,1.420825,-0.005577058,0.00039202,-0.000309229,175.9792079,4
R5,0.2577833,0.2793813,1.422786,-0.05882823,0.00861451,0.001961589,171.6691046,4
R5,0.2503068,0.2794649,1.422925,-0.007476568,8.36E-05,0.00013864,179.3591741,5
R5,0.2091403,0.3490342,1.398191,-0.04116642,0.06956932,-0.02473366,120.6141776,3
R5,0.05109409,0.2625213,1.430648,-0.1580462,-0.08651298,0.0324564,208.6958754,5
R5,0.04007638,0.2571334,1.432966,-0.01101771,-0.005387843,0.002318025,206.0594004,5
R5,0.03077806,0.2575482,1.433502,-0.009298319,0.000414819,0.000536203,177.4456028,4
R5,0.02222144,0.2617098,1.434021,-0.008556627,0.004161596,0.000519514,154.0635927,4
R5,0.01326894,0.262487,1.435847,-0.008952499,0.000777185,0.001825571,175.0384735,4
R5,-0.004829346,0.2684579,1.437827,-0.01809828,0.005970836,0.001980305,161.7416678,4
R5,-0.01084248,0.2720591,1.439395,-0.006013132,0.003601223,0.001568198,149.082901,4
R6,0.1773881,0.3151318,1.480829,0.01038674,-0.000199586,0.00041461,358.8991695,8
R6,0.1863045,0.312903,1.482431,0.008916423,-0.002228826,0.001601815,345.9654484,8
R6,0.230883,0.3101157,1.485773,0.04457851,-0.002787292,0.003342509,356.4222124,8
R6,0.3354362,0.2971968,1.479933,0.1045532,-0.01291889,-0.005839944,352.9560745,8
R6,0.3360487,0.2956949,1.481862,0.000612527,-0.001501918,0.001928687,292.1871049,7
R6,0.3436282,0.2952223,1.482711,0.007579476,-0.000472575,0.000848889,356.4322637,8
R6,0.4015151,0.293447,1.485045,0.0578869,-0.001775324,0.002334237,358.2433556,8
R6,0.4017611,0.2930855,1.485826,0.000246018,-0.000361472,0.000781059,304.2392123,7
R6,0.4051519,0.2917781,1.487758,0.003390759,-0.001307428,0.001932144,338.9140767,8
R6,0.4069423,0.29015,1.48846,0.001790434,-0.001628041,0.000701189,317.7197636,8
R6,0.4139085,0.2882889,1.489018,0.006966203,-0.001861185,0.000558138,345.0414735,8
R6,0.422057,0.2870754,1.48854,0.008148521,-0.001213461,-0.000477433,351.529877,8
R6,0.427913,0.285313,1.489312,0.005855978,-0.00176236,0.00077188,343.2508015,8
R6,0.4642356,0.2583976,1.49003,0.03632259,-0.0269154,0.000718117,323.4611868,8
R6,0.4576354,0.2549996,1.489496,-0.006600171,-0.003398061,-0.000534296,207.2414201,5
R6,0.4559563,0.2555451,1.490112,-0.001679182,0.000545561,0.000616074,162.001173,4
R6,0.4510107,0.257387,1.483227,-0.004945517,0.001841903,-0.00688529,159.572711,4
R6,0.4493203,0.2583305,1.482201,-0.001690418,0.000943482,-0.001025915,150.8325731,4
R6,0.4470901,0.2582551,1.481172,-0.002230197,-7.55E-05,-0.001028419,181.9378831,5
R6,0.4451774,0.2587643,1.480005,-0.001912713,0.000509232,-0.001167297,165.0916437,4
R6,0.4380695,0.260441,1.479604,-0.007107884,0.001676679,-0.000401378,166.727132,4
R6,0.4347166,0.2605225,1.480993,-0.00335291,8.15E-05,0.001389503,178.6069031,4
R6,0.3866162,0.2658507,1.487134,-0.04810041,0.005328208,0.006141067,173.6789671,4
R6,0.3819869,0.2685097,1.489205,-0.004629314,0.002658933,0.002070665,150.1282895,4
R6,0.3737612,0.2715522,1.490309,-0.008225709,0.003042579,0.001104236,159.7012447,4
R6,0.3655204,0.2747649,1.492154,-0.008240819,0.003212661,0.001844287,158.701811,4
R6,0.3545283,0.2782289,1.493539,-0.01099202,0.003464013,0.00138557,162.5083334,4
R6,0.3470049,0.2816657,1.49459,-0.007523447,0.003436834,0.001051068,155.4483018,4
R6,0.3391353,0.2852869,1.496257,-0.007869542,0.003621131,0.001666903,155.2907096,4
R6,0.3317806,0.2878533,1.497548,-0.007354736,0.002566397,0.001291037,160.7638313,4
R6,0.2794792,0.2976457,1.502468,-0.05230138,0.009792387,0.004920006,169.3952903,4
R6,0.2114772,0.2985635,1.502997,-0.06800203,0.000917882,0.000529289,179.2266767,5
R6,0.2006395,0.2980912,1.502504,-0.01083769,-0.000472367,-0.000493646,182.4956891,5
R6,0.1901258,0.2978557,1.502688,-0.01051374,-0.000235498,0.000184059,181.2831576,5
R6,0.1786277,0.2969978,1.501288,-0.01149803,-0.00085786,-0.001400113,184.2668916,5
R6,0.1682171,0.2966559,1.500413,-0.01041064,-0.000341892,-0.000874877,181.8809547,5
R6,0.1544091,0.2963564,1.501315,-0.01380803,-0.000299573,0.000902534,181.2428689,5
R6,0.1436418,0.2963945,1.499947,-0.0107673,3.82E-05,-0.001367927,179.7968517,5
R6,0.131792,0.2953383,1.498092,-0.01184982,-0.001056194,-0.001855493,185.0934077,5
R6,0.1191899,0.295526,1.49643,-0.01260211,0.000187695,-0.001662135,179.1467035,5
R7,0.4217714,0.2455825,1.481623,0.006895036,-0.002790198,-0.000872016,337.9684135,8
R7,0.4289227,0.2463384,1.480965,0.007151276,0.000755936,-0.000658512,6.034124437,1
R7,0.4366093,0.2460629,1.48098,0.007686585,-0.000275567,1.53E-05,357.9468023,8
R7,0.4437477,0.2459832,1.479813,0.007138401,-7.96E-05,-0.001167178,359.3607489,8
R7,0.4515214,0.2469252,1.480177,0.007773757,0.000941992,0.000364304,6.909180379,1
R7,0.4564161,0.2468014,1.480635,0.004894644,-0.000123829,0.000457883,358.5507949,8
R7,0.4711935,0.2474224,1.48094,0.01477739,0.000621066,0.000304818,2.406615951,1
R7,0.4791803,0.2479316,1.48142,0.007986814,0.000509188,0.000480175,3.647871371,1
R7,0.5019893,0.2491467,1.482427,0.02280903,0.001215026,0.001006603,3.049236438,1
R7,0.5091895,0.2497763,1.482503,0.007200181,0.000629678,7.67E-05,4.997979814,1
R7,0.5141898,0.2519213,1.482468,0.005000293,0.002144933,-3.56E-05,23.21746748,1
R7,0.5206593,0.2519928,1.482677,0.006469488,7.15E-05,0.000209212,0.633426684,1
R7,0.5297814,0.2523368,1.481683,0.009122133,0.000344038,-0.00099349,2.159866263,1
R7,0.5355659,0.2524463,1.480721,0.005784512,0.000109434,-0.000962257,1.08381903,1
R7,0.5342616,0.2482911,1.471035,-0.001304269,-0.004155174,-0.009686232,252.5734305,6
R7,0.5328008,0.2474568,1.469127,-0.00146085,-0.000834256,-0.001907587,209.7296514,5
R7,0.5319139,0.2473989,1.468769,-0.000886858,-5.79E-05,-0.000357866,183.7357315,5
R7,0.5287033,0.2466346,1.468879,-0.003210664,-0.000764325,0.000109673,193.3904963,5
R7,0.5271283,0.2464073,1.468387,-0.001574934,-0.000227302,-0.000491977,188.2125036,5
R7,0.5222483,0.2445918,1.46847,-0.004880071,-0.001815498,8.31E-05,200.4063519,5
R7,0.3900273,0.2589411,1.471056,-0.132221,0.01434931,0.002586246,173.8062046,4
R7,0.3833247,0.2622733,1.47091,-0.006702542,0.003332138,-0.00014627,153.5659429,4
R7,0.3734608,0.2636848,1.471972,-0.009863913,0.001411527,0.001062036,171.8562557,4
R7,0.3634324,0.2662607,1.474203,-0.01002842,0.002575904,0.00223124,165.5944076,4
R7,0.3543537,0.266463,1.474415,-0.009078652,0.000202328,0.000211597,178.7233103,4
R7,0.3450334,0.2696998,1.476655,-0.009320289,0.003236741,0.002239943,160.8489575,4
R7,0.2925987,0.2781595,1.482852,-0.05243477,0.008459777,0.006196976,170.8349308,4
R7,0.2598516,0.2754763,1.481805,-0.03274709,-0.002683192,-0.001047134,184.6841693,5
R7,0.252663,0.2761844,1.48158,-0.007188529,0.000708044,-0.000224352,174.3747214,4
R7,0.2440796,0.2753929,1.480631,-0.008583441,-0.000791431,-0.000949383,185.2680242,5
R7,0.2351149,0.2715613,1.481533,-0.008964732,-0.003831685,0.000901818,203.1427202,5
R7,0.2269097,0.2705115,1.482086,-0.008205146,-0.001049727,0.000552893,187.2905434,5
R7,0.2187644,0.2673753,1.482477,-0.008145347,-0.003136188,0.000391007,201.0581109,5
R7,0.2108193,0.2666607,1.482739,-0.007945076,-0.00071463,0.00026226,185.1397104,5
R7,0.202366,0.2665489,1.483456,-0.008453324,-0.000111789,0.000717402,180.757647,5
R7,0.1927978,0.2661614,1.48492,-0.009568229,-0.000387549,0.001463532,182.3194276,5
R7,0.1840552,0.2668805,1.486382,-0.008742586,0.00071916,0.001461864,175.2974717,4
R7,0.1753569,0.2698046,1.486995,-0.008698285,0.002924025,0.000612974,161.4193582,4
R7,0.1665026,0.2735771,1.486898,-0.00885433,0.003772497,-9.64E-05,156.9229699,4
R7,0.1579684,0.2776114,1.488959,-0.008534119,0.00403437,0.00206089,154.6982965,4
R8,0.2519511,0.3226695,1.369042,0.01403828,-0.000460208,0.000389099,358.1223834,8
R8,0.2651751,0.3204811,1.368479,0.01322404,-0.002188474,-0.000562072,350.6031697,8
R8,0.279303,0.3184562,1.367148,0.01412791,-0.002024889,-0.00133121,351.8436042,8
R8,0.2936437,0.3183461,1.368635,0.01434067,-0.00011006,0.00148654,359.5602821,8
R8,0.3067981,0.3149412,1.367608,0.01315436,-0.003404945,-0.001027226,345.4877684,8
R8,0.321835,0.3168675,1.367555,0.01503694,0.001926333,-5.21E-05,7.300212033,1
R8,0.3878114,0.313011,1.365595,0.06597635,-0.00385651,-0.001960158,356.6547012,8
R8,0.4161427,0.310871,1.366311,0.02833134,-0.002139956,0.00071609,355.6804702,8
R8,0.4595221,0.2956818,1.364086,0.0433794,-0.0151892,-0.002225399,340.7024117,8
R8,0.4637531,0.2970647,1.364155,0.004231006,0.001382887,6.85E-05,18.09976845,1
R8,0.4690018,0.2961883,1.364928,0.005248725,-0.000876427,0.000773072,350.5202686,8
R8,0.4766717,0.2933352,1.365457,0.007669896,-0.002853096,0.00052917,339.59549,8
R8,0.4839141,0.290806,1.364661,0.007242382,-0.002529234,-0.000795364,340.749429,8
R8,0.4948609,0.2898831,1.365674,0.01094678,-0.000922859,0.001012087,355.1811241,8
R8,0.5027931,0.2876817,1.36653,0.007932186,-0.002201438,0.000856161,344.488946,8
R8,0.5117892,0.286013,1.366208,0.008996129,-0.001668692,-0.000322104,349.4916382,8
R8,0.5269701,0.28383,1.368174,0.01518089,-0.00218299,0.001966,351.8170446,8
R8,0.5184833,0.2565094,1.375623,-0.008486748,-0.02732062,0.007449269,252.743363,6
R8,0.5193869,0.2576069,1.377127,0.000903606,0.0010975,0.00150454,50.5342953,2
R8,0.5140656,0.2711749,1.371262,-0.005321324,0.01356807,-0.005865335,111.4148442,3
R8,0.5116102,0.2732463,1.369745,-0.002455413,0.002071351,-0.001516938,139.8495038,4
R8,0.5090574,0.2787051,1.368709,-0.002552807,0.005458772,-0.00103581,115.063247,3
R8,0.5053292,0.2848237,1.366982,-0.003728211,0.006118596,-0.001726985,121.354979,3
R8,0.4146527,0.3089449,1.367907,-0.09067652,0.02412128,0.000924707,165.1034677,4
R8,0.4088055,0.3070872,1.369078,-0.005847186,-0.001857698,0.001170516,197.6254709,5
R8,0.380988,0.3121606,1.369975,-0.02781752,0.005073339,0.000897527,169.6640373,4
R8,0.3595256,0.3128083,1.369024,-0.02146241,0.000647724,-0.000950694,178.2713696,4
R8,0.3484934,0.3133854,1.370114,-0.01103216,0.000577092,0.001089573,177.0055875,4
R8,0.3356495,0.3110243,1.369769,-0.01284385,-0.002361059,-0.00034523,190.416275,5
R8,0.3233354,0.3092385,1.36987,-0.01231414,-0.001785874,0.000101447,188.2518623,5
R8,0.3108198,0.3102782,1.370843,-0.0125156,0.001039714,0.000973225,175.2511465,4
R8,0.2964595,0.308458,1.37117,-0.01436028,-0.001820177,0.000326872,187.2237652,5
R8,0.2841754,0.3055908,1.371709,-0.01228413,-0.002867192,0.000538349,193.1379812,5
R8,0.271244,0.3055982,1.371991,-0.01293144,7.42E-06,0.000282526,179.9671205,5
R8,0.2580113,0.3038932,1.371268,-0.01323268,-0.001704991,-0.000722766,187.3419379,5
R8,0.2469151,0.3028101,1.372548,-0.01109613,-0.001083136,0.001279235,185.5751989,5
R8,0.2334937,0.3038778,1.372684,-0.01342149,0.001067668,0.000136137,175.4517477,4
R8,0.1729485,0.3037692,1.381271,-0.06054512,-0.00010854,0.00858748,180.1027149,5
R8,0.0139032,0.3169848,1.409305,-0.1590453,0.01321554,0.02803373,175.2500377,4
R8,0.007411896,0.3184639,1.410324,-0.006491307,0.001479119,0.001019239,167.1636603,4
R9,0.09301116,0.3424985,1.374311,0.00554394,-0.000502348,-0.000892282,354.8224499,8
R9,0.1000187,0.3420561,1.373458,0.007007584,-0.000442386,-0.000852227,356.3877362,8
R9,0.1074447,0.3382334,1.372085,0.007425919,-0.003822654,-0.001373172,332.7618657,8
R9,0.1140457,0.3373916,1.372297,0.006601058,-0.000841767,0.000211597,352.7328667,8
R9,0.2400493,0.3422094,1.374347,0.1260036,0.004817724,0.002050281,2.189626787,1
R9,0.2482313,0.3386902,1.375089,0.008181944,-0.003519177,0.000742316,336.7267337,8
R9,0.2582931,0.3372028,1.37389,0.01006177,-0.001487404,-0.001199365,351.5910219,8
R9,0.2660186,0.338665,1.372221,0.007725567,0.001462191,-0.001669288,10.71739929,1
R9,0.419817,0.330028,1.374551,0.1537983,-0.008636951,0.002330065,356.7857797,8
R9,0.4237733,0.3313954,1.375153,0.003956378,0.00136736,0.000602126,19.06561224,1
R9,0.4277098,0.3312143,1.376254,0.00393644,-0.000181109,0.001100779,357.3657793,8
R9,0.4311691,0.3298928,1.375653,0.003459334,-0.001321495,-0.000600815,339.092718,8
R9,0.446701,0.3109102,1.373097,0.01553187,-0.01898256,-0.002555847,309.2906445,7
R9,0.4698687,0.2908457,1.374003,0.02316767,-0.02006456,0.000906348,319.1055183,8
R9,0.4736941,0.2905461,1.374763,0.003825426,-0.000299513,0.000759959,355.5231365,8
R9,0.4744646,0.2878212,1.377092,0.000770509,-0.002724916,0.002328396,285.7890136,7
R9,0.4774159,0.2883629,1.376282,0.002951324,0.000541627,-0.00080955,10.39921278,1
R9,0.4789166,0.2879956,1.37737,0.001500666,-0.000367224,0.001087666,346.2495113,8
R9,0.4818961,0.2881916,1.377759,0.002979517,0.00019601,0.000388622,3.763825104,1
R9,0.4692085,0.3064674,1.366732,-0.01268762,0.01827577,-0.01102662,124.7696094,3
R9,0.4675387,0.3100145,1.367064,-0.001669794,0.003547132,0.000332236,115.2084681,3
R9,0.3600942,0.3360471,1.371092,-0.1074445,0.0260326,0.004027486,166.3803344,4
R9,0.351855,0.3363873,1.372252,-0.00823915,0.000340134,0.001160502,177.636021,4
R9,0.34089,0.3362432,1.372086,-0.01096505,-0.000144064,-0.000165939,180.7527378,5
R9,0.3293968,0.3333254,1.373312,-0.01149318,-0.002917826,0.001225471,194.2449895,5
R9,0.3193975,0.3341784,1.375788,-0.009999275,0.000853062,0.002476454,175.1237693,4
R9,0.3080235,0.3327332,1.376076,-0.01137409,-0.001445293,0.00028801,187.2417015,5
R9,0.1774156,0.3329674,1.380243,-0.1306078,0.000234217,0.004167318,179.8972527,5
R9,0.1316232,0.333134,1.382434,-0.04579246,0.000166595,0.002190948,179.7915563,5
R9,0.1160037,0.3353672,1.382324,-0.01561946,0.002233267,-0.000110626,171.8630115,4
R9,0.0136706,0.3447938,1.387892,-0.1023331,0.009426594,0.005568027,174.7369512,4
R9,0.006504971,0.3445857,1.389487,-0.007165628,-0.000208169,0.00159502,181.664036,5
R9,0.000669606,0.3445125,1.390171,-0.005835365,-7.31E-05,0.000684381,180.7180531,5
R9,-0.005542719,0.3449047,1.388879,-0.006212325,0.000392199,-0.001292109,176.3875777,4
R9,-0.01435464,0.3458986,1.392242,-0.008811922,0.000993908,0.003362775,173.5647362,4
R9,-0.02118713,0.3461364,1.394599,-0.006832488,0.000237733,0.002357483,178.0072251,4
R9,-0.02669577,0.3483326,1.395983,-0.005508646,0.002196223,0.001383901,158.2634956,4
R9,-0.05664885,0.3553501,1.397139,-0.02995308,0.007017523,0.001155972,166.8143398,4
R9,-0.06213327,0.35493,1.398612,-0.005484421,-0.000420153,0.001472592,184.3807853,5
R9,-0.07184521,0.3541483,1.401658,-0.00971194,-0.000781626,0.003046155,184.6012975,5
